test_taker_id,essay_prompt,L1,prediction
2007,P2,X,HIN
1935,P1,X,FRE
1419,P0,X,TUR
1790,P0,X,SPA
1716,P0,X,KOR
1461,P0,X,FRE
1240,P4,X,HIN
1682,P1,X,SPA
1538,P2,X,ARA
1578,P2,X,TUR
1787,P3,X,SPA
2095,P1,X,GER
1551,P6,X,GER
2058,P0,X,CHI
1742,P5,X,ITA
1975,P3,X,GER
1227,P1,X,TEL
1277,P3,X,TUR
1429,P3,X,JPN
1965,P0,X,CHI
1442,P3,X,GER
2122,P1,X,ITA
1422,P5,X,GER
1680,P3,X,SPA
1235,P1,X,CHI
2143,P5,X,ITA
1100,P3,X,FRE
1395,P6,X,SPA
1351,P4,X,FRE
1667,P0,X,TUR
1425,P0,X,ITA
1836,P3,X,FRE
2141,P6,X,SPA
1432,P0,X,CHI
1723,P5,X,ARA
1702,P3,X,KOR
1296,P2,X,JPN
1312,P0,X,ITA
1328,P1,X,SPA
1652,P3,X,KOR
1313,P0,X,TUR
1211,P1,X,JPN
1666,P5,X,ITA
1378,P0,X,SPA
2043,P1,X,TEL
1641,P4,X,TEL
1801,P2,X,FRE
1594,P3,X,TUR
1215,P2,X,HIN
1336,P1,X,JPN
2193,P4,X,FRE
1171,P2,X,SPA
1230,P2,X,ARA
1339,P3,X,SPA
1192,P6,X,ITA
1579,P2,X,GER
1747,P4,X,ARA
1256,P3,X,TEL
1761,P5,X,FRE
2063,P3,X,CHI
1542,P5,X,HIN
1700,P4,X,SPA
1977,P2,X,ARA
1877,P0,X,CHI
1675,P0,X,ITA
2114,P1,X,SPA
2030,P5,X,FRE
2038,P0,X,TUR
1838,P0,X,ARA
1665,P5,X,CHI
1125,P0,X,HIN
1193,P6,X,ITA
1954,P0,X,CHI
1264,P6,X,TUR
1835,P1,X,HIN
2015,P0,X,KOR
2120,P3,X,GER
1743,P0,X,TEL
1736,P0,X,HIN
1919,P5,X,HIN
1671,P0,X,HIN
1332,P3,X,KOR
1272,P0,X,TUR
1988,P5,X,HIN
1401,P5,X,HIN
1634,P0,X,GER
1350,P3,X,JPN
1355,P3,X,FRE
1642,P0,X,FRE
2065,P4,X,FRE
1519,P0,X,SPA
1635,P0,X,TUR
1382,P6,X,KOR
1880,P1,X,KOR
1995,P4,X,FRE
1141,P0,X,TUR
1156,P4,X,HIN
1775,P0,X,HIN
1103,P3,X,TUR
2096,P0,X,SPA
1932,P0,X,SPA
1515,P2,X,SPA
1980,P2,X,FRE
1234,P3,X,KOR
1687,P0,X,TUR
2057,P2,X,TUR
1949,P4,X,FRE
1525,P3,X,JPN
1709,P2,X,GER
1334,P0,X,TUR
1191,P2,X,ITA
1396,P5,X,HIN
1479,P5,X,GER
2125,P0,X,HIN
1488,P4,X,KOR
2181,P6,X,ITA
1631,P3,X,TUR
1890,P5,X,TUR
2113,P0,X,FRE
1731,P0,X,CHI
2190,P3,X,SPA
1303,P2,X,HIN
2140,P3,X,SPA
2080,P0,X,TUR
1979,P0,X,JPN
2071,P1,X,JPN
1384,P6,X,ITA
1737,P3,X,ARA
1410,P0,X,JPN
1233,P5,X,ARA
1177,P0,X,GER
1848,P0,X,GER
1596,P0,X,FRE
1500,P2,X,JPN
1852,P0,X,SPA
1933,P3,X,TUR
1134,P0,X,HIN
1993,P1,X,TUR
1638,P2,X,FRE
1860,P3,X,TEL
1375,P0,X,ARA
1765,P0,X,ITA
1318,P1,X,JPN
1867,P5,X,HIN
1344,P4,X,JPN
1219,P0,X,CHI
1523,P1,X,CHI
1325,P0,X,CHI
1569,P0,X,ITA
1703,P2,X,CHI
1740,P1,X,SPA
1577,P1,X,CHI
1406,P0,X,ITA
2072,P4,X,TUR
1810,P4,X,ITA
1338,P0,X,CHI
1630,P6,X,TUR
2059,P5,X,GER
1942,P3,X,HIN
1811,P3,X,TUR
1158,P1,X,ITA
2099,P0,X,CHI
2110,P4,X,ITA
1650,P4,X,TUR
1184,P5,X,ITA
1945,P3,X,ARA
1364,P3,X,CHI
1408,P2,X,ITA
1182,P0,X,KOR
1773,P1,X,ITA
1413,P0,X,JPN
1872,P0,X,HIN
1433,P0,X,ARA
1574,P0,X,ITA
1329,P0,X,JPN
1249,P0,X,FRE
1589,P3,X,SPA
2086,P3,X,ITA
2128,P2,X,GER
1649,P0,X,KOR
2196,P3,X,SPA
1473,P2,X,TUR
1288,P2,X,TUR
1469,P1,X,FRE
1606,P6,X,HIN
1824,P5,X,JPN
1477,P1,X,TEL
1734,P1,X,ARA
1752,P5,X,ITA
1107,P1,X,ARA
1808,P5,X,FRE
1335,P0,X,ITA
1584,P1,X,SPA
1311,P5,X,HIN
1493,P1,X,TEL
1209,P2,X,TEL
1826,P1,X,TUR
1468,P3,X,ARA
2119,P2,X,TEL
1218,P0,X,HIN
1147,P1,X,GER
1623,P2,X,JPN
1489,P1,X,JPN
2066,P4,X,ARA
1246,P1,X,CHI
1366,P3,X,ITA
1427,P2,X,SPA
1450,P6,X,ITA
1369,P0,X,TEL
1886,P1,X,ARA
1803,P3,X,CHI
1914,P0,X,TEL
1517,P2,X,SPA
2111,P6,X,ITA
2077,P2,X,HIN
1420,P0,X,TUR
1955,P1,X,JPN
1597,P0,X,TEL
1392,P5,X,TUR
1620,P6,X,GER
1358,P2,X,TUR
1207,P6,X,ARA
1143,P2,X,HIN
1449,P4,X,FRE
1948,P3,X,CHI
1418,P0,X,CHI
1502,P2,X,FRE
2070,P1,X,SPA
1394,P0,X,SPA
1905,P5,X,TEL
2175,P2,X,TUR
1131,P0,X,FRE
1117,P1,X,JPN
2157,P0,X,HIN
1482,P3,X,ITA
1692,P2,X,HIN
1317,P2,X,TUR
1910,P2,X,HIN
1285,P5,X,HIN
1953,P4,X,FRE
2176,P0,X,ARA
1958,P1,X,CHI
2020,P5,X,ITA
1559,P0,X,GER
1906,P5,X,JPN
1527,P4,X,CHI
2129,P6,X,HIN
1532,P0,X,FRE
1646,P2,X,GER
1591,P3,X,SPA
2106,P5,X,ITA
1901,P0,X,FRE
1912,P0,X,ARA
1524,P3,X,SPA
1340,P1,X,ITA
1748,P5,X,FRE
1149,P0,X,HIN
1926,P0,X,ITA
1492,P1,X,CHI
1548,P2,X,CHI
1228,P0,X,ARA
1154,P2,X,TUR
1165,P1,X,KOR
1247,P1,X,TUR
1696,P0,X,TUR
1937,P6,X,CHI
1370,P0,X,TEL
1834,P0,X,KOR
1895,P0,X,CHI
1199,P1,X,KOR
1290,P3,X,ARA
1376,P1,X,SPA
1398,P5,X,HIN
1827,P6,X,TEL
2027,P0,X,SPA
1714,P0,X,ARA
1232,P2,X,FRE
1142,P2,X,TUR
1746,P2,X,HIN
1876,P1,X,KOR
2185,P2,X,GER
1166,P0,X,ITA
1889,P0,X,TUR
1854,P3,X,GER
1499,P3,X,KOR
1771,P0,X,JPN
1405,P0,X,GER
1893,P0,X,GER
1283,P5,X,FRE
2017,P3,X,CHI
1385,P2,X,TUR
1297,P0,X,FRE
1129,P3,X,JPN
1780,P1,X,ARA
1157,P0,X,ARA
1138,P0,X,KOR
2006,P0,X,ARA
2144,P3,X,TEL
1907,P2,X,SPA
1512,P0,X,ITA
1566,P0,X,TUR
1273,P2,X,ARA
1981,P0,X,SPA
1520,P3,X,TEL
1809,P6,X,CHI
1393,P1,X,TEL
2075,P3,X,FRE
1185,P6,X,ITA
1573,P0,X,SPA
1732,P1,X,CHI
1269,P6,X,CHI
2163,P3,X,SPA
1414,P3,X,CHI
2035,P1,X,JPN
1189,P0,X,CHI
1391,P4,X,FRE
2013,P3,X,GER
1374,P1,X,ITA
1438,P4,X,ITA
1619,P2,X,CHI
1373,P0,X,FRE
1253,P1,X,JPN
1598,P4,X,TEL
2149,P1,X,TUR
1812,P0,X,CHI
1588,P5,X,ARA
1314,P1,X,HIN
2183,P1,X,JPN
1387,P2,X,ARA
1130,P6,X,TUR
1866,P4,X,FRE
2184,P2,X,HIN
1359,P0,X,CHI
1188,P0,X,JPN
1445,P3,X,JPN
2008,P2,X,KOR
1799,P5,X,CHI
1583,P2,X,FRE
1644,P6,X,ITA
2047,P0,X,HIN
1178,P5,X,ITA
2024,P3,X,JPN
1821,P2,X,CHI
1109,P3,X,TEL
2107,P0,X,GER
1921,P6,X,ITA
1407,P3,X,JPN
1201,P0,X,TEL
2127,P3,X,TUR
1331,P3,X,FRE
2064,P0,X,FRE
2062,P4,X,FRE
1377,P5,X,HIN
1521,P2,X,JPN
1258,P0,X,SPA
2051,P2,X,SPA
2187,P2,X,FRE
1250,P2,X,ITA
1973,P0,X,JPN
2195,P0,X,HIN
1754,P0,X,JPN
1797,P0,X,JPN
1626,P3,X,GER
2139,P0,X,SPA
1476,P3,X,CHI
1268,P6,X,TEL
1509,P0,X,ARA
1220,P1,X,GER
1226,P2,X,JPN
1875,P2,X,JPN
1592,P0,X,JPN
2028,P5,X,HIN
1204,P6,X,JPN
1697,P6,X,ITA
2083,P0,X,CHI
2091,P2,X,TUR
1238,P4,X,FRE
1764,P2,X,GER
1719,P1,X,FRE
2105,P3,X,KOR
1302,P0,X,TEL
1441,P1,X,ARA
1684,P3,X,HIN
1784,P0,X,ARA
1961,P2,X,CHI
1123,P3,X,HIN
1456,P4,X,FRE
1715,P3,X,ARA
1252,P3,X,SPA
1570,P2,X,JPN
2177,P3,X,SPA
1730,P3,X,CHI
1640,P5,X,HIN
1689,P2,X,GER
2164,P1,X,HIN
1788,P0,X,SPA
1342,P0,X,JPN
1964,P1,X,CHI
1931,P1,X,TEL
1150,P5,X,GER
1361,P6,X,ITA
1553,P0,X,GER
1349,P0,X,SPA
1908,P1,X,KOR
2151,P2,X,ITA
1345,P0,X,CHI
2085,P3,X,CHI
1115,P2,X,ITA
1672,P2,X,SPA
2098,P3,X,TEL
1299,P2,X,FRE
1436,P0,X,SPA
1690,P2,X,JPN
1180,P1,X,SPA
1657,P6,X,ITA
1164,P3,X,HIN
1720,P0,X,JPN
1431,P5,X,HIN
2082,P2,X,TEL
1491,P3,X,HIN
1660,P0,X,CHI
1360,P0,X,TUR
1913,P0,X,KOR
1467,P2,X,TUR
2150,P2,X,HIN
1526,P0,X,CHI
2178,P1,X,ARA
1119,P0,X,GER
1789,P2,X,SPA
1674,P1,X,CHI
2134,P5,X,ITA
1792,P1,X,HIN
2040,P0,X,TUR
1321,P6,X,TUR
1341,P3,X,FRE
1480,P6,X,GER
1627,P6,X,SPA
1763,P2,X,JPN
1145,P5,X,JPN
1197,P1,X,HIN
1217,P1,X,JPN
1294,P1,X,TEL
1863,P2,X,ITA
1966,P2,X,ARA
1996,P5,X,FRE
1728,P2,X,KOR
1819,P3,X,GER
1322,P0,X,TUR
1823,P2,X,ARA
1262,P2,X,TUR
1829,P1,X,HIN
2159,P3,X,TEL
1474,P0,X,CHI
1430,P3,X,CHI
1495,P0,X,HIN
2053,P2,X,KOR
1434,P3,X,ARA
1126,P3,X,FRE
1856,P4,X,KOR
1133,P4,X,TEL
1997,P3,X,KOR
2192,P0,X,GER
1767,P3,X,TUR
1999,P2,X,KOR
1496,P2,X,ARA
1533,P0,X,JPN
1428,P6,X,ITA
1896,P3,X,JPN
2109,P5,X,HIN
1481,P0,X,HIN
1585,P0,X,HIN
1140,P0,X,JPN
1994,P0,X,GER
2154,P0,X,HIN
1781,P2,X,KOR
1163,P3,X,GER
1390,P3,X,KOR
2076,P3,X,CHI
1865,P4,X,ITA
1465,P5,X,GER
1206,P2,X,HIN
1983,P0,X,ARA
1698,P5,X,JPN
1278,P0,X,TEL
1265,P3,X,TUR
1950,P2,X,KOR
2074,P1,X,ARA
1363,P5,X,TUR
1639,P0,X,FRE
2016,P1,X,CHI
1320,P1,X,HIN
1648,P5,X,ITA
1198,P2,X,JPN
1992,P6,X,TUR
1924,P0,X,CHI
2039,P1,X,JPN
1833,P1,X,JPN
2160,P5,X,GER
1793,P6,X,JPN
2042,P3,X,TUR
2014,P1,X,SPA
1616,P3,X,ITA
2088,P0,X,SPA
1998,P2,X,TUR
1831,P0,X,HIN
1853,P2,X,FRE
1664,P4,X,TUR
1478,P4,X,FRE
1625,P1,X,ITA
1843,P2,X,CHI
1159,P2,X,ARA
1695,P5,X,ITA
1668,P0,X,FRE
1978,P2,X,CHI
1618,P1,X,ARA
1108,P0,X,FRE
1475,P2,X,TEL
1497,P1,X,SPA
1798,P2,X,SPA
1590,P3,X,SPA
1263,P3,X,FRE
1568,P0,X,FRE
1105,P0,X,FRE
1661,P6,X,TUR
1888,P1,X,JPN
1148,P0,X,TUR
1144,P3,X,TEL
1400,P3,X,TUR
1229,P5,X,HIN
1306,P3,X,SPA
1802,P1,X,ITA
1494,P3,X,SPA
1451,P2,X,KOR
1610,P2,X,ARA
1513,P3,X,KOR
1435,P2,X,ITA
1757,P0,X,FRE
1883,P5,X,HIN
1127,P2,X,HIN
1947,P0,X,KOR
2037,P3,X,ARA
1242,P2,X,JPN
1984,P3,X,SPA
2130,P5,X,SPA
1110,P4,X,KOR
2124,P5,X,CHI
1550,P3,X,SPA
1944,P2,X,GER
2045,P6,X,GER
2036,P2,X,TUR
1292,P3,X,KOR
2048,P1,X,CHI
1786,P1,X,CHI
1546,P4,X,FRE
1225,P6,X,JPN
1528,P3,X,KOR
1840,P2,X,CHI
1101,P4,X,FRE
2092,P2,X,JPN
1266,P0,X,CHI
2170,P2,X,ARA
1281,P0,X,FRE
1806,P3,X,TUR
1274,P6,X,ARA
2068,P0,X,TEL
2148,P3,X,HIN
1541,P3,X,FRE
1855,P4,X,ARA
1190,P0,X,FRE
1412,P3,X,ARA
1213,P3,X,CHI
1536,P0,X,KOR
1759,P5,X,HIN
1783,P4,X,FRE
1846,P0,X,GER
1960,P2,X,TUR
1683,P0,X,ITA
1565,P1,X,TUR
1879,P4,X,ARA
1678,P0,X,ARA
1902,P2,X,SPA
1636,P4,X,FRE
1239,P3,X,GER
2052,P1,X,JPN
2060,P0,X,TUR
1518,P2,X,JPN
2010,P6,X,JPN
1486,P0,X,TUR
1813,P4,X,TEL
1337,P1,X,JPN
1929,P0,X,KOR
1118,P2,X,GER
1750,P1,X,ARA
2018,P6,X,JPN
1564,P0,X,TUR
1769,P2,X,ITA
1571,P0,X,SPA
1295,P1,X,HIN
1849,P2,X,ARA
1685,P1,X,ARA
2108,P2,X,FRE
1864,P0,X,ARA
1121,P6,X,TUR
1705,P0,X,TEL
1718,P2,X,TUR
1581,P0,X,GER
1959,P5,X,GER
1971,P0,X,SPA
1319,P3,X,ITA
1179,P2,X,SPA
1470,P0,X,ITA
1624,P3,X,ITA
1367,P6,X,ITA
1909,P6,X,ITA
1842,P0,X,JPN
1554,P0,X,SPA
1851,P2,X,SPA
2194,P4,X,ARA
1614,P2,X,ITA
1873,P3,X,CHI
1440,P0,X,TUR
1643,P1,X,KOR
1169,P1,X,CHI
1629,P3,X,JPN
1796,P6,X,HIN
1124,P2,X,GER
1582,P5,X,ARA
1460,P2,X,TUR
1231,P1,X,JPN
1956,P3,X,JPN
2002,P3,X,FRE
1897,P0,X,TEL
1894,P0,X,TEL
1572,P4,X,TEL
1316,P4,X,ARA
1352,P2,X,HIN
2084,P2,X,TUR
1735,P1,X,CHI
1417,P0,X,TUR
1424,P4,X,GER
1818,P3,X,HIN
2000,P6,X,JPN
1310,P6,X,TUR
1892,P0,X,KOR
2133,P3,X,ITA
1403,P6,X,GER
2025,P2,X,FRE
1841,P5,X,FRE
1446,P3,X,FRE
1951,P1,X,TUR
1898,P6,X,GER
1284,P1,X,GER
1381,P2,X,KOR
1659,P0,X,ARA
1323,P5,X,GER
2179,P3,X,KOR
1561,P1,X,TEL
1275,P5,X,ARA
1511,P3,X,CHI
2034,P0,X,TUR
1343,P0,X,HIN
1135,P6,X,ITA
1307,P0,X,ARA
1891,P3,X,ARA
1365,P3,X,ARA
1484,P1,X,CHI
2026,P1,X,FRE
1404,P1,X,CHI
1399,P0,X,CHI
1738,P0,X,GER
1122,P6,X,TUR
1333,P0,X,TUR
2145,P0,X,TUR
1348,P3,X,SPA
2046,P5,X,GER
2056,P2,X,ARA
1257,P0,X,GER
1471,P1,X,HIN
1870,P0,X,ITA
2162,P0,X,FRE
1587,P1,X,JPN
1633,P0,X,HIN
1386,P0,X,JPN
1669,P0,X,FRE
1286,P2,X,TUR
1600,P1,X,KOR
1717,P2,X,SPA
1186,P0,X,TUR
2131,P3,X,JPN
1453,P2,X,TUR
1153,P3,X,HIN
1575,P0,X,TEL
2087,P1,X,JPN
1727,P1,X,JPN
1699,P0,X,GER
1711,P0,X,TUR
1688,P0,X,GER
2147,P3,X,TUR
1920,P0,X,CHI
1922,P2,X,JPN
1615,P4,X,CHI
1216,P2,X,SPA
1900,P5,X,GER
2049,P3,X,CHI
1168,P2,X,SPA
1656,P0,X,CHI
2199,P3,X,ARA
1859,P1,X,TEL
1259,P3,X,ARA
1670,P4,X,KOR
1388,P2,X,GER
1549,P2,X,ITA
1602,P5,X,ARA
1170,P6,X,ITA
1805,P0,X,KOR
1472,P2,X,HIN
2142,P3,X,SPA
1874,P0,X,ITA
2169,P4,X,HIN
1887,P1,X,KOR
1356,P2,X,SPA
1243,P0,X,CHI
2180,P0,X,TUR
1402,P0,X,ARA
1203,P2,X,TUR
1637,P3,X,CHI
1779,P1,X,SPA
1940,P0,X,GER
2102,P2,X,ARA
1271,P3,X,GER
2158,P5,X,HIN
1708,P0,X,TUR
1676,P2,X,ARA
1825,P3,X,TUR
1925,P0,X,ARA
1673,P5,X,FRE
1371,P4,X,HIN
1911,P5,X,GER
1733,P0,X,GER
1707,P3,X,GER
2132,P5,X,FRE
1710,P6,X,TUR
1679,P2,X,HIN
2055,P3,X,ARA
2138,P4,X,JPN
2021,P0,X,ARA
2117,P1,X,TEL
1927,P3,X,JPN
1766,P0,X,KOR
1458,P0,X,ARA
1452,P3,X,TEL
1128,P0,X,FRE
1580,P0,X,SPA
2001,P3,X,FRE
1760,P0,X,CHI
2121,P4,X,ARA
1539,P0,X,SPA
2012,P3,X,SPA
1567,P3,X,CHI
1857,P4,X,KOR
1982,P2,X,CHI
1963,P4,X,FRE
2156,P3,X,KOR
2146,P0,X,CHI
1576,P0,X,JPN
1858,P5,X,FRE
2023,P0,X,FRE
1930,P0,X,TUR
1744,P6,X,TUR
1146,P6,X,KOR
1267,P3,X,TUR
2089,P0,X,TUR
1448,P3,X,JPN
1505,P0,X,SPA
2019,P0,X,FRE
1447,P2,X,TUR
1612,P4,X,FRE
1172,P1,X,CHI
1885,P1,X,SPA
2174,P0,X,JPN
1884,P0,X,ARA
1187,P0,X,HIN
1483,P0,X,HIN
1244,P4,X,ARA
1604,P3,X,JPN
1655,P6,X,HIN
1861,P3,X,ITA
2009,P1,X,SPA
1289,P0,X,TUR
2126,P4,X,ARA
1104,P1,X,JPN
1236,P0,X,JPN
1293,P2,X,SPA
1463,P0,X,KOR
1324,P3,X,GER
1529,P0,X,ITA
1200,P2,X,TEL
1701,P3,X,GER
1946,P1,X,SPA
1353,P5,X,ARA
1776,P1,X,TEL
1957,P6,X,ITA
1601,P0,X,TUR
1845,P2,X,HIN
1663,P5,X,ARA
1762,P2,X,HIN
1794,P0,X,TUR
1116,P4,X,GER
2168,P2,X,GER
1506,P6,X,KOR
1516,P5,X,HIN
1487,P3,X,GER
1196,P2,X,TUR
1305,P0,X,TUR
2104,P5,X,FRE
2101,P5,X,SPA
1562,P0,X,JPN
1820,P3,X,KOR
1938,P6,X,ITA
2031,P1,X,SPA
1547,P2,X,ITA
2079,P2,X,FRE
1298,P0,X,TUR
1990,P4,X,TUR
1934,P5,X,ITA
1194,P1,X,FRE
1111,P0,X,KOR
1770,P0,X,TUR
1535,P3,X,SPA
1847,P0,X,ITA
1120,P2,X,ITA
1936,P3,X,KOR
1248,P2,X,GER
1113,P3,X,ITA
1498,P2,X,GER
2188,P0,X,JPN
1462,P2,X,SPA
2041,P0,X,TUR
1214,P3,X,SPA
1903,P3,X,GER
2161,P1,X,TEL
2005,P6,X,GER
1739,P3,X,KOR
1862,P5,X,GER
1782,P2,X,TEL
1443,P2,X,JPN
2186,P3,X,TUR
1916,P2,X,SPA
1777,P3,X,CHI
1986,P4,X,HIN
2029,P6,X,GER
1749,P3,X,JPN
1282,P1,X,ARA
1691,P2,X,FRE
2135,P2,X,TEL
1464,P6,X,SPA
2118,P5,X,GER
1991,P2,X,HIN
1558,P0,X,CHI
1722,P1,X,CHI
1537,P0,X,ITA
2003,P4,X,FRE
1645,P1,X,ITA
1415,P4,X,GER
1208,P5,X,GER
1878,P1,X,CHI
1176,P1,X,JPN
1160,P2,X,ARA
1681,P6,X,ITA
1260,P2,X,TUR
1952,P0,X,FRE
1613,P1,X,CHI
1599,P3,X,JPN
1383,P2,X,TEL
1778,P0,X,HIN
1330,P0,X,TEL
1726,P3,X,JPN
1976,P2,X,TUR
1605,P0,X,FRE
2050,P2,X,GER
2044,P2,X,FRE
2182,P4,X,HIN
2155,P0,X,FRE
1745,P3,X,JPN
1972,P2,X,FRE
2153,P4,X,ARA
1774,P0,X,ARA
1501,P1,X,ARA
1755,P6,X,ARA
1651,P3,X,FRE
1444,P5,X,ITA
1721,P3,X,TEL
1380,P0,X,ITA
1347,P0,X,FRE
1756,P4,X,TEL
1918,P0,X,FRE
1729,P3,X,FRE
1254,P0,X,TUR
1205,P5,X,ITA
2115,P0,X,SPA
1593,P6,X,ITA
2116,P5,X,FRE
1882,P0,X,ARA
1389,P0,X,FRE
1437,P0,X,SPA
1174,P0,X,JPN
1850,P2,X,GER
1609,P1,X,CHI
1114,P1,X,HIN
1928,P3,X,KOR
1514,P6,X,TUR
1466,P0,X,HIN
1557,P3,X,SPA
2123,P0,X,ITA
1753,P6,X,SPA
1508,P1,X,KOR
1346,P3,X,CHI
1139,P5,X,ITA
1379,P3,X,TUR
1372,P3,X,FRE
1195,P3,X,ITA
2167,P3,X,JPN
1807,P1,X,TEL
1552,P0,X,HIN
1822,P0,X,FRE
1212,P2,X,SPA
1423,P6,X,JPN
1815,P0,X,HIN
1967,P0,X,GER
1555,P2,X,HIN
1280,P3,X,FRE
1758,P0,X,HIN
1741,P3,X,CHI
1686,P6,X,GER
1869,P0,X,ITA
1941,P1,X,CHI
1915,P1,X,KOR
2173,P0,X,SPA
1712,P5,X,GER
1962,P0,X,TUR
1832,P4,X,HIN
1772,P1,X,JPN
1136,P2,X,JPN
1457,P0,X,SPA
1530,P0,X,TUR
1102,P2,X,TEL
1223,P1,X,JPN
2097,P0,X,FRE
2171,P3,X,SPA
1261,P1,X,CHI
2189,P1,X,CHI
1504,P1,X,HIN
2022,P4,X,TUR
1531,P3,X,SPA
1974,P0,X,SPA
1804,P3,X,HIN
1785,P2,X,TUR
1354,P0,X,KOR
1881,P0,X,SPA
1795,P3,X,TUR
1439,P3,X,ITA
1183,P6,X,TEL
1455,P3,X,FRE
1611,P5,X,HIN
1270,P3,X,JPN
1276,P2,X,FRE
1899,P2,X,GER
1255,P3,X,FRE
2081,P3,X,ARA
2054,P5,X,SPA
1162,P6,X,HIN
1556,P1,X,TUR
2011,P2,X,SPA
1628,P0,X,TUR
1137,P0,X,TUR
1725,P5,X,FRE
2112,P1,X,SPA
1421,P0,X,ARA
1987,P4,X,HIN
2094,P4,X,FRE
1595,P0,X,JPN
2090,P6,X,GER
1617,P0,X,GER
1304,P0,X,JPN
1621,P2,X,ITA
1327,P0,X,CHI
1237,P1,X,JPN
2165,P0,X,TUR
1586,P3,X,HIN
1839,P2,X,ARA
1454,P2,X,TEL
1426,P1,X,ITA
1540,P4,X,GER
2136,P5,X,GER
1830,P0,X,TUR
1309,P3,X,SPA
1904,P2,X,GER
1251,P0,X,TUR
1459,P0,X,GER
1871,P0,X,JPN
1939,P2,X,FRE
1490,P3,X,SPA
2067,P4,X,JPN
1132,P0,X,KOR
2198,P6,X,FRE
1603,P3,X,HIN
1544,P6,X,KOR
1985,P5,X,CHI
1224,P3,X,SPA
1503,P0,X,TUR
1768,P0,X,CHI
1653,P0,X,KOR
1970,P5,X,FRE
1357,P0,X,GER
1308,P3,X,JPN
1300,P1,X,TEL
1658,P5,X,FRE
1694,P5,X,GER
1112,P1,X,TEL
1677,P2,X,JPN
1837,P0,X,TEL
1409,P0,X,CHI
1326,P3,X,CHI
1543,P0,X,HIN
1245,P0,X,TEL
2078,P0,X,TEL
2004,P0,X,JPN
1814,P2,X,SPA
1485,P1,X,SPA
1791,P2,X,TUR
1693,P3,X,SPA
1560,P2,X,JPN
1969,P2,X,JPN
2166,P2,X,CHI
1968,P2,X,ARA
1181,P0,X,ITA
1917,P0,X,ARA
1943,P0,X,TUR
1510,P4,X,FRE
1279,P0,X,ITA
1210,P2,X,HIN
1817,P0,X,TEL
1828,P0,X,HIN
1647,P0,X,SPA
1222,P0,X,ITA
1724,P3,X,SPA
1522,P3,X,CHI
1241,P0,X,SPA
1202,P3,X,ARA
1411,P2,X,ITA
1989,P6,X,HIN
1106,P1,X,KOR
1800,P0,X,CHI
1751,P6,X,JPN
1167,P0,X,SPA
2073,P2,X,FRE
1315,P1,X,SPA
1662,P2,X,JPN
1507,P0,X,ARA
2032,P0,X,JPN
1416,P5,X,TEL
2100,P0,X,FRE
1706,P0,X,FRE
1868,P3,X,HIN
1161,P6,X,KOR
2197,P0,X,SPA
1608,P2,X,TUR
2152,P0,X,ITA
1844,P3,X,TEL
2172,P3,X,CHI
1607,P0,X,ITA
1397,P6,X,GER
1173,P5,X,GER
2103,P2,X,ITA
1534,P3,X,FRE
1362,P0,X,ITA
1287,P0,X,HIN
1152,P6,X,CHI
2061,P5,X,CHI
1175,P6,X,CHI
1563,P1,X,ITA
2093,P3,X,KOR
1221,P3,X,SPA
2191,P2,X,SPA
1654,P0,X,ARA
1816,P4,X,ARA
1301,P2,X,ITA
1291,P0,X,FRE
2033,P2,X,TUR
1151,P2,X,CHI
1632,P0,X,HIN
1713,P6,X,TUR
2069,P3,X,ARA
1923,P0,X,FRE
2137,P1,X,JPN
1155,P4,X,ARA
1622,P1,X,CHI
1704,P4,X,FRE
1368,P5,X,CHI
1545,P2,X,SPA
